{"Layer_0": {"weights": [[0.0, 0.0, 0.0], [0.0, 0.0, 0.0], [0.0, 0.0, 0.0]], "biases": [0.0, 0.0, 0.0], "previousLayer_size": 3, "layer_size": 3, "activation_func": "leaky_relu", "activation_params": {"alpha": 0.01}, "layer_type": "input"}, "Layer_1": {"weights": [[-0.3122019763208733, 0.7778938771950221, 0.5039294513472988], [0.012537186030243726, -0.0018024561132605774, -0.011445809016927176], [-0.06889780003353692, 0.1136907964981921, 0.18139048419596301], [-0.05302069683606914, -0.046354141263050395, -0.0397334716803814], [0.006662090874741596, -0.1207830875951502, 0.03705359184474291], [-0.005844223400593191, 0.0143498204376069, 0.02242243440886316], [0.013441872794721166, -0.001314153411836786, -0.013425184887329966], [0.008719463240448392, 0.04051707591377093, -0.6235923286961456], [0.014357540974954733, -0.1682164325540797, -0.25983665502610076], [0.12705095914772915, -0.01841474869828327, 0.015756586714104154], [-0.4265535454525684, -0.9093412584606259, 1.679295174441065], [0.011267973484073629, 0.06930768850147609, -0.4384036000820083], [-0.008598871690398352, 0.01716700937796278, 0.02610141949506855], [-0.05147288573057381, -0.04601728584911553, -0.03954931041055625], [-0.00609876855770415, 0.014667279905242204, 0.02295252618111448], [0.02993933417944293, 0.997715859184149, -0.6035494302423767], [-0.00721334823925474, 0.016611564826512885, 0.0221723254281], [0.04816764856007698, -0.20199369627975178, 0.12090743155696074], [0.5478051488171493, -0.1286845063321513, -0.09650958730091914], [-0.00523079502253974, 0.013783469353702435, 0.021264457928032394]], "biases": [-2.71241278833713, -2.4811932491995536, -2.8151318956377085, -2.511286483882861, -2.736741511406119, -2.4520700605718377, -2.445345416144077, -2.6355133645134927, -3.005936313349819, -2.915374031304102, -2.772282847287134, -2.6402299657090125, -2.4321675658392747, -2.51178532465917, -2.449973297098322, -2.6344669716982687, -2.4818250621700373, -2.6641278066824503, -3.27284199298899, -2.428598310843486], "previousLayer_size": 3, "layer_size": 20, "activation_func": "swish", "activation_params": {"alpha": 1.0}, "layer_type": "hidden"}, "Layer_2": {"weights": [[-0.21200615518191823, 0.011985351720544492, 0.00825108349685908, -0.004049544348978934, -0.08632507135483732, -0.00949198547337695, 0.004681924522053691, 0.0072426261341406355, -0.012684151108069315, 0.004929499486010273, -0.0818424044164026, 0.0020421449343979874, 0.017037469152203555, -0.004119148773367586, 0.0034953474550912834, -0.011210618803638488, 0.006864881379664565, -0.007409559294019501, -0.017088940145383123, 0.00028366718206921114], [-0.19732604185325073, 0.0021595722543932966, -0.0026262389272645225, -0.0009764795602860727, -0.06394671670452688, -0.006814786844527664, 0.00427420487692352, 0.0019815265305701338, -0.0712223109951306, 0.004639758359239272, -0.08293139898400767, -0.0023699183965991406, 0.009279935161283935, -0.0011795511603912828, 0.0018597064878588788, -0.008736873368725995, 0.005120498533449868, 0.011563713988265435, -0.019223807315895042, 0.0022380699599600915], [0.2249560954691518, 0.021054671862949684, 0.022475425690302208, -0.0005077968792358997, 0.4223011870958989, -0.07192080633819016, -0.06424514473720887, 0.6754514272037584, 0.45534465733851887, 0.09536804423826381, -0.6082533065545035, 0.5767895442230611, -0.04714660481897816, -0.002574758741695651, -0.05393686871948324, 0.2456187888203925, -0.1158162387493995, -0.040789531224860016, -0.34984662483586826, -0.056919101832189414], [-0.20341080612136456, 0.00811868083499799, -0.001054668827467903, -0.0024237456254891186, -0.0706528397310265, -0.029487444211501786, 0.005039427012836943, 0.007836543349730584, -0.087933841186402, 0.004722665708692963, -0.08317568875398514, 0.0021779457918935665, 0.016085579799662943, -0.0017080702054240605, 0.005425338443216878, -0.009515991005553793, 0.004609637315605423, 0.008660550607466266, -0.018147295064730524, 0.0012021842171989353], [-0.20140746757804534, 0.002190775258470253, -0.004709518041172992, -0.0005266903997153795, -0.07868492937776846, -0.011782439510142989, 0.003127923327742465, 0.001283256994170564, -0.11526943318719662, -0.001273602721314592, -0.08259041424257514, -0.0028926472531870715, 0.004816380452551128, 0.0008366643757768018, 0.0025414410337674187, -0.007847280009643577, -0.010479370158511195, 0.013602021122840957, -0.01846700485864241, -3.914479327428274e-05], [-0.21716093818582344, 0.013621203180751863, 0.002535439933752371, -0.009568166048524158, -0.08909953052128386, -0.0455442105012837, 0.0010963577980586572, 0.013543723309972304, 0.027825889505546857, 0.004919097008793716, -0.08204467659226333, 0.0025859105532371482, 0.01599091173511728, -0.008766285218755738, 0.0005554803064475156, -0.012021422005506195, 0.015843675374252342, -0.01033628860317081, -0.015351286668637954, -0.0044665628869494725], [-0.021096299990218625, -0.02322348461523668, -0.03043973577265111, 0.0031714670348086393, -0.02240525835659736, -0.003214944703328227, -0.028083226191047844, -0.015676669933769063, 0.4299948994014057, -0.0215338396278868, -0.19523575330528886, -0.015881521693231912, -0.03772902435704214, 0.00119084825157331, -0.03259790614880499, -0.038612178568448674, -0.011331529863148393, -0.048041531982923644, -0.1951116724414713, -0.024591479749192038], [-0.20599257255833464, 0.013435779803598684, 0.00021356516953867046, -0.005505855384549534, -0.07153517364441093, -0.04275835510018512, 0.004415577887068087, 0.0105108598996659, -0.11064714717493972, 0.006314902343200033, -0.08389216563058399, 0.004030893595699381, 0.01755437511404212, -0.0009144700378226809, 0.0036835107572212775, -0.008880357749964618, 0.005751403794929866, 0.0117423392699983, -0.01809942600914387, -0.0006776452130177243], [-0.03981742230954932, -0.03318640369364555, 0.09795811316730231, 0.0005255914977643456, 0.04515971681439699, 0.05487175120524554, 0.044160872289336836, -0.044600661260485, -0.7969205377885245, -0.01665739068521773, 0.3715190199134183, -0.055251144769838494, -0.013022214169664481, -0.000912973884825943, 0.006366811861682325, -0.5793838078315097, -0.02532290019850441, -0.1780395386998016, -0.3208807872788169, 0.022527688783897996], [-0.6203827523542976, 0.15925958880076374, -0.6063600272591321, -0.025345134220348026, -1.0755611407131505, 0.183113062475412, 0.16464128008220405, -0.33794220369631295, 0.7513898103985598, -0.11733258418110422, -0.26220182007117604, -0.24956473113367011, 0.26808466980974993, -0.029902399479622987, 0.2090246133382774, -0.12256639375788746, 0.29508565908028284, -0.4495790852362862, 0.5227219847203348, 0.21121886081086294], [-0.05586503725873537, -0.024122323811519242, -0.07206281404498233, -0.0009306431430256232, -0.07522623320962785, -0.19759889109543985, -0.10636387319173247, -0.04800829232623508, 0.28054775110737845, -0.08275585605684861, -0.663540686848377, -0.03430558968804794, -0.06556463036812984, -0.007195101613468704, -0.08805618012154418, -0.10746895792039629, -0.20466400760567663, -0.04573251641516914, -0.20128857145661153, -0.09266427678731196], [-0.19465342616540127, 0.023208006570898086, -0.0017738321333851518, -0.015665301327309165, -0.06635444120152882, -0.04149760822851579, 0.0017887373055836993, 0.020424180516143496, 0.033827245880674185, 0.012254932777524057, -0.07862447737220273, 0.006210385814808657, 0.02159571401889656, -0.01595485019616291, -0.00014590523226683827, -0.02466401370162685, 0.02949118100663399, -0.05638982076977196, -0.010934776043114458, -0.0020058889595515085], [-0.2100362945368446, 0.012957252357496596, -0.0021177571381043986, -0.005357045772650273, -0.07995186279463339, -0.03754334524081562, 0.0033224155280314528, 0.011221150686153501, -0.1145540098729765, 0.008325879399363773, -0.08372841711768013, 0.0038555594600275236, 0.016205840546104775, -0.005894859538020142, 0.0020732262563865405, -0.009012335325059729, 0.011603235997147712, 0.011037846660263924, -0.018614737301492042, -0.0027189153305176177], [-0.21134685223721647, 0.01072367789399443, 