{"Layer_0": {"weights": [[0.0, 0.0], [0.0, 0.0]], "biases": [0.0, 0.0], "previousLayer_size": 2, "layer_size": 2, "activation_func": "leaky_relu", "activation_params": {"alpha": 0.01}, "layer_type": "input"}, "Layer_1": {"weights": [[-1.4267630362554424, 0.7584763584874332], [-0.8822243083669774, 0.25016656483628563], [-0.03480952789604644, -1.8948174205122854], [-0.8357736916152204, 0.6573715202095326], [-2.521142184232928, 1.1926141230486793], [0.3348806711149701, 1.072968730111416], [0.15351963166449467, 1.334686513475421], [-0.5629358568863744, -0.10292970843773094], [-0.21401303506832106, -0.0007229806946243963], [0.8641718017988225, -0.6664146712067747], [-2.552924204417448, 2.295538514775381], [-0.9447767413912118, -2.475489318180029], [-0.21662889733119503, -0.6866735194936785], [-0.8342374700520649, -0.7554405263542221], [1.263934514919253, 0.7599065029521206], [0.6302656617190174, -0.023251114377201954], [-0.39352256164254246, 0.10878028712901071], [-0.8648407055782436, -0.020332372773628402], [-0.1848357681676702, 0.5118322164406632], [-0.08416681598202821, -0.632329167553592]], "biases": [-0.11368599004110812, 0.9744942351340771, 1.038187301903952, -1.2948373196229321, 1.9535015689709496, -1.4364653883367635, -0.24903492882829217, -0.18449668354625548, -0.45692366285546643, -0.6594727037398691, 0.5912056122692403, -0.3423109957293559, 1.0064141554289223, -1.0109042526783436, 1.5016907854165804, 1.268515221359433, 0.597170632698741, 1.1144504418210774, 1.2077236789307657, -0.8774296849050899], "previousLayer_size": 2, "layer_size": 20, "activation_func": "selu", "activation_params": {"alpha": 1.67326324, "scale": 1.05070098}, "layer_type": "hidden"}, "Layer_2": {"weights": [[-0.3195114641738649, 0.37783685946724604, 0.8146946481110522, -0.4941411585102144, 0.354595370028366, -0.55040519728986, 0.01029979380414401, 0.009963222884352946, 0.15040026039491153, 0.31410297486006844, -0.24335838007291655, 0.7735422719626209, 0.7788842740743304, -0.2920032176920142, -0.03764900532092991, 0.33496467496720195, 0.46679646949208925, 0.5514363323856937, 0.06268603145973042, 0.190920980483293], [-0.5035292863348871, 0.2720005380896968, 1.2720377887426424, -0.21994017224981208, 0.8760467842548133, -0.28947497079266726, 0.03828849723011194, 0.15456234354474854, -0.2423937185139271, 0.7149993174435905, -0.44539716169321203, 1.0141795061555507, 0.3245782447516326, 1.0320203355216646, -0.14431544590903708, -0.02020123433481904, 0.4033738740107093, -0.4102080989782419, 0.05083712413828697, -0.07806024407792886], [-0.025581681402736225, 0.8322902147370338, 1.3609766616335754, -0.7389825570560172, 1.0833715849775967, -0.3264413395167774, -0.17181691964615614, -0.40461981204343267, 0.3665694542471442, -0.17484056961850905, -1.166438788821291, 0.7273762324320266, 0.8186809706791415, 1.0573817593552517, -0.24547453386623275, 0.7591694010792179, 0.9418936328963514, -0.01566924318210145, -0.35084793849337936, 0.3814680114747199], [-0.5153068859088238, -0.4682878500673386, -0.2968049915374019, 0.8646271268724577, 0.3698495365010095, 0.6770646437276353, 0.6637537475969972, 0.6361043972026683, 0.20263875572245058, 0.24119287770813758, -1.573618649336968, -0.0031040710563329252, -0.1382173876051096, 0.4097253515379915, -0.5274021402374406, 0.25071743479481523, -0.43737760385163366, -0.6403996624237659, 0.3502828184468221, 0.21040532632766257], [-0.05595929345331747, 0.36926186249440673, 1.4590426209289755, 0.4991967426412753, -0.008088918679447906, -0.41571720890134634, -0.7468393192271712, -0.8662306746138413, -0.7428557623036975, 0.10223091397005182, 0.23934143339618302, -0.1359120302532496, -0.4378091168878783, 0.6003427852771149, 0.5419844412535592, -0.09885857948237321, -0.15713684527555796, -1.379114322280973, 0.01579590590186306, -0.9381593305302587], [-0.4501112443944525, 1.5187414107508561, 0.6022572290477947, 0.059225979619278245, 0.5741258337446172, -0.4969408423503168, -0.29114048554525496, 0.2629182591493404, 0.9274295920923068, -0.16147887255506024, -0.10201690006238984, 1.6738366742947726, 0.47663253975180764, -0.5217988932309068, -0.07502143577901642, 1.3002453795383857, 0.6420506718625123, 1.4401419252125949, -0.20290888509544905, 0.49053036788251725], [-0.30578093096158615, -0.45142236452204304, -1.6337294753344573, 0.949022090002802, 1.3161484681096591, -0.07842543628361527, -0.1927482615257722, 0.8408981068611994, 0.36052731295916596, 0.5021991871280087, -1.260093077970976, 0.0982028509355421, -0.5754897186081822, 1.0178545409065847, 0.1981721851047901, -0.3459998218592808, -0.3001949674796902, -1.456818166357577, -0.16429419504033335, -0.33378992749912245], [-0.8583875270119319, 0.8328817555166944, 0.018264266972702916, -0.6209165290358347, 0.40963541626662026, -0.7142516845369691, -0.8973580447810741, -0.03126907657071602, 0.03270845500265756, -0.11982993409869205, 1.421568793286851, 1.5844071380231766, 0.49421299890439646, -1.3700427868983005, -0.15030422023383014, 0.13137875774616325, -0.24138490141707666, 1.6354695910806578, 0.7452054779820967, -0.932963869863296], [-0.32076567394580446, 0.04805316331135021, -0.5698069926373012, -0.6457381317164365, 1.8307615236116646, 0.5788955795437356, 0.13290509695225738, 0.1234582311515804, -0.18306965634267577, -0.048148532265475, -1.5265884921969428, -0.31198806270230195, 0.056088052616708524, -1.3372492851589335, -0.6743494133230059, -0.04181168404697153, 0.07430330546853796, 0.03394193450287634, 0.32470613788231206, -0.2627955434303395], [-0.3838397515427436, 0.3379167202077477, -0.6984796035315947, -0.6146185064890131, 0.3156805577263164, 0.13953049286446298, -0.43924179423693605, -0.059844085890333666, 0.3294969258001107, -0.25009857848299877, -1.5031163281245614, 0.853608750118332, 0.5380912275297345, 1.3868368822757968, 0.00584009557652909, 0.6892096690872528, 0.2847600459081491, 0.043948107190180476, 0.24151885117775101, -0.39174509923574125], [0.7029422700125082, 0.6940375250176727, 0.7099399768776485, -0.3363098815712871, 0.229455801176536, -0.7098566746821262, 0.2366088795195882, 1.0232176126888561, 0.131271559235524, 0.1447690163913365, -0.7703062687174251, 1.1971691881430424, 1.0038446114622608, -0.23234640749304913, 0.35525932450165726, 1.4135687255988085, 0.44093609002949197, 2.3566251033553836, 0.2776002521699484, 0.2644176527932604], [-2.0207062071415804, 0.9118743913581633, -1.6439498871247955, -0.9045295148189785, 0.44460513747428637, -1.6807898139626596, -0.8040861960279574, -0.09459137799050413, 0.7339632696529993, -0.7700568332146789, 0.7576585680220204, -0.7953014033885035, 0.3618333067698947, 0.9803926392080683, 0.454005905514783, 0.8367569749865003, 0.37904185333704804, 1.2799215107325983, 0.21986129685066255, 0.015483708531836685], [0.24058730520788874, -0.6258820089903437, -0.07578739177104495, 0.11912955687351723, 0.42847721830419877, 1.7705945600086883, 0.42482617914958914, 0.026984191255961992, 0.15052507276192506, 0.21562237132805057, -1.0181683472293823, -1.3563496030980842, 0.34029908579469853, 0.5953034525982379, -0.177272786961485, 0.664103156898198, 0.05484199617304886, 0.16355210648462384, -0.597459341242439, 0.12521230964874566], [0.4100091637335503, -0.08319846129623898, 0.1840275856956542, 0.30928618881067743, 0.9330362033387125, -0.07031493700530057, -0.5145490083023146, 0.2313583110919134, -0.3439296944532973, -0.5725551205850925, -0.2409868462565093, 0.9444093459630858, -0.07890385446889976, 0.28785687554001615, -0.3116584728988037, 0.2149966968158323, 0.2830477442995434, 0.47471580611189557, 0.6205986786668646, 0.012637034844764443], [-0.4857048933319896, 0.7788241253667654, 0.44682585709361594, 0.25999209514263544, 0.20479569139918688, -0.7706874642349205, -0.4796377000181477, -0.42117752006046577, 0.5792615078990887, 0.22617267090844798, -0.15053346278886848, 0.48603800381771517, 0.6571261512849509, -0.10702104833854229, -0.33712919172528183, 0.5458964984930392, 0.5699360745102612, 0.7037004420610263, 0.27371136367505317, 0.14916057280734235], 