{"Layer_0": {"weights": [[0.0, 0.0], [0.0, 0.0]], "biases": [0.0, 0.0], "previousLayer_size": 2, "layer_size": 2, "activation_func": "leaky_relu", "activation_params": {"alpha": 0.01}, "layer_type": "input"}, "Layer_1": {"weights": [[1.8547902128996836, -0.09338054973996464], [-0.18309385806313963, -1.288741803643593], [1.8423255256505016, -1.1644892703499605], [0.820758871383517, 0.7140722070093124], [-0.7603267684816651, 0.4476247610802237], [-0.0918400239141415, -2.211542729011097], [-1.1059445508144776, 1.4155294912722445], [1.4766001254722803, -0.7459700612200706], [-0.07657668891344183, -1.5375649390633164], [-0.25341454645633515, -0.7723133835796665], [-0.28525001580257947, 0.21260038271703505], [0.3682945989063159, -0.36699381289693567], [0.31523082749842063, -0.655198661061588], [1.2304034102235548, -1.2392682705099203], [1.0520542998979219, 1.3985548307241071], [-0.1976105798269816, -0.6490939699251465]], "biases": [0.6194259035980049, 0.12090594788702251, 0.4382986268589872, -1.9932690866262526, 0.16999203888465986, 0.7773582981498715, 0.8678622072443904, 0.305638173539539, 0.9304670259953715, 0.30108381887830016, 0.39131174547522535, -0.5676374918709899, 0.056948917669333604, 1.3957469065086876, 0.6835322050682946, 1.2413308132330905], "previousLayer_size": 2, "layer_size": 16, "activation_func": "gelu", "activation_params": {}, "layer_type": "hidden"}, "Layer_2": {"weights": [[-0.028807916825903453, -0.5056802939447194, -0.29551841431628095, -0.23449573747147306, 0.1720404757388296, 0.08574785196360654, -0.48138822572735007, 0.40112428968809494, -0.37369622125157154, -0.19006815663703336, -0.01924834342423728, 0.1587209317259368, -0.5147796847969265, 0.08545064188160385, -0.40347076077209953, -0.5591213797134188], [1.556533766040462, 0.2249191527458353, -0.7894723061035516, 2.155211628571148, 0.34391067883404586, -1.6918910715207083, 0.8380448210880875, 0.23066937065790621, -2.178020533028199, -0.8010723904697695, 0.11696105115285904, -0.7761856234999238, 0.3053698244657415, -1.1675580466007374, -0.03404643642860536, -1.1989454723057325], [-0.2946039521595972, -0.6086160615917383, 0.011887601882018957, -2.9873173834520452, -0.47998845277812147, -0.5516233642381164, -1.3456206577430245, 0.7164516422803819, -0.267245121867467, 1.0671995041559184, 0.5148234737255163, 0.13235318692947007, -1.5296358885889492, 0.29209486483956826, 0.11301031073866699, 1.0600091143570083], [0.39082224659219184, -0.40838459720053905, -0.04358737648420003, -1.3315036886121507, -0.2679304440903622, 0.20266737594411444, -0.36158671748820853, 0.04812249026563385, 0.2194562668068641, 0.4151738903894228, 0.003566963718143685, 1.0501329012178522, 0.8427463321099375, 0.08773819341243747, 0.5502830332966098, -0.5854672289418944], [-0.3910288071751541, -0.19237546088624138, -0.0767757796362824, -0.34681292915455825, 0.24686626293951658, -0.3846572206076554, 0.5515827772897062, -0.05549985722188851, -0.30430794985130094, 0.00904562539985316, 0.6794986394835413, -0.21490838357709696, -0.064336783684529, 0.18506518071953879, -0.4529564846461854, 0.49849986664671914], [-0.44238842809216716, 0.2381853996743626, -0.20749083069856758, 0.3084592809629741, 0.01997863573379423, -0.15545938637713722, 0.16304942764352345, 0.01636213961978821, -0.7925612875592535, -0.062210087538846714, 0.6080593026700858, 0.04785937342268189, 0.025356386310265218, -0.12098747460487856, -0.3789926408973951, 0.11896962377621391], [-0.31990073071887043, 0.8212941317821999, 0.3896771359798256, -0.5465089173290459, 0.03835027912464077, 1.40375483078533, -0.3883971287571765, 0.007479658178077447, 0.9623391184526364, 0.4168312718986138, 0.8278793047522447, 0.5023218784341663, -0.9837163209729316, 0.38508655795650926, -0.39681371895073037, -0.2123868161423793], [0.3080890665232731, -0.3143478263104089, -0.2473416060163592, -0.7732068028550537, -0.44167228038258655, 0.08344578131338228, 0.2960633764878694, -0.18231632124918096, 0.14953785558833307, -0.23758907183073535, -0.30950664105937076, -0.5051904595801621, -0.6801375784863195, -0.5404276264855526, -0.13625504104269803, -0.35042942953858613], [0.18547672015769356, -0.2104372019485364, -0.07856173345049149, -0.9070617437231759, -0.11444116683265784, -0.612009109401757, -0.6532812654180782, -0.47699594341637247, -0.35482921403906237, -0.08599477026360186, -0.27904130156347584, -0.47503199988380224, -0.5156074722371023, 0.11202545080260212, 1.0198398552362598, 0.36653134400883375], [1.706450369478638, -0.47142437960101613, -0.02729207641560623, -2.702668285888861, -0.3303812741685883, -0.7981999890182179, 0.2238181687918555, -0.07052818060785326, -0.5264281316947381, 0.30066756171436376, -0.16311898663732022, -1.3233265779830001, 0.3509558228054489, -0.14160079437383274, -0.9683841698547799, 0.43745151371819907], [-0.6025531487713515, -0.2820718793090251, -0.18310636487224166, -0.30733255507086715, 0.16020292654718274, 0.34190964547056, -0.23966891974983526, -0.2358513163185115, 0.17879469627759553, -0.5729975974790087, 0.4392603544180971, 0.1296657627496807, -0.6134703918375406, 0.08859277068410919, 0.321972219111533, 0.2931766090272995], [-1.1312096178360969, 0.24604111326900963, -0.26309270775004573, -0.9420982668619639, 0.10324850648165355, -0.22637683261689467, 0.8375817124182623, -0.3977562617358748, 0.1698236519689297, -0.2590867565992337, 0.08691362993613805, -0.8466715698058433, -0.977613507727046, 0.1537686159660005, 0.8016537832442024, 0.31173666079449347]], "biases": [0.08827351492315416, -0.24161116196801052, 0.3267021941704239, 0.15358346119423905, 0.18966994189310016, 0.01810056436660406, -0.044634153627434836, 0.045464798274805235, 0.5946613424624067, 0.10009305630142297, 0.08868055278410217, 0.5512279780671872], "previousLayer_size": 16, "layer_size": 12, "activation_func": "swish", "activation_params": {"alpha": 1.0}, "layer_type": "hidden"}, "Layer_3": {"weights": [[0.27472832263777713, -0.41904974249596477, -0.11788373153904148, -0.24651730490714627, 0.08167139988018314, -0.24221727423095069, -0.07790355070167726, 0.352929879552112, 0.31647867782572436, -0.2473300320442214, -0.4366171589457999, -0.29606907554443224], [0.06548636998134241, 0.6541762273454168, -0.12924035350641933, -0.3046147067222046, 0.20729166034738528, 0.2204586308404549, 0.15155873468017808, -0.2482749016836943, -0.020221511076168142, 0.8494911544230288, 0.07343702494341704, 0.03424635955119725], [-0.4680649044359813, 0.6139543138770399, -2.3411579131933866, 0.04071523872940458, -0.18069501600995225, 0.18253344043567718, 0.30998039680513106, 0.7910604820117183, 1.109127998216372, 0.7467089221239438, -0.53586283537044, 1.950396198980368], [0.1407724728552703, -0.6053748875120992, -0.22141937913449922, 0.18846210519475184, -0.04358925262358187, -0.5177578671203108, 0.12704561823733884, 0.04474238521972504, -0.5574324878141832, 1.0320958050491256, 0.8726611364258038, -0.2507854205404306], [-0.03226549242965696, 0.09990671679793509, -0.42786638228114715, -0.13050582009978248, 0.08124172668825703, -0.49606308198141785, -0.5776194436755702, -0.21115964381882302, 0.13553921676677644, 0.09096420310729207, 0.5041823206277166, -0.06800632911049616], [0.018637438399554753, 0.5661831480522048, -0.4998673205251888, -0.0966765366570581, 0.5797195643130267, -0.39053957864706385, -0.639718033333073, -0.3976150198956141, -0.04438183568323818, -0.4601827185136282, 0.4157236564773084, 0.9269396031938775], [0.545040434163262, -0.29926033215094494, -0.09148292517098279, -0.5985530035987496, 0.07370818659248184, -0.41038234303846516, -0.47351783750313625, -0.37947167849877067, -1.0233186969768613, 0.46275400046765636, 0.13535069982760728, 0.6772615836645589], [0.20067973649857593, -2.2530842581318247, 1.8628135749308843, -0.28968679921498597, -0.6348938760227552, -0.2127436246323605, 1.6609133174987165, -0.5011718189372936, 1.5863865596914153, -0.673793845801135, -1.1271128497561884, -0.7325631629505182]],