{"Layer_0": {"weights": [[0.0, 0.0], [0.0, 0.0]], "biases": [0.0, 0.0], "previousLayer_size": 2, "layer_size": 2, "activation_func": "leaky_relu", "activation_params": {"alpha": 0.01}, "layer_type": "input"}, "Layer_1": {"weights": [[-1.571038939212926, -0.9013687725975907], [-1.2357084947186834, -0.15612173057877327], [-1.1315485105825729, -0.701900873792275], [-1.2128665286502012, -1.036170166845888], [2.236084465829017, 2.075743726048983], [-0.7620856094431753, -1.1734211392252194], [-0.6794564093450065, 0.10882760902368593], [-2.6878558867782476, 0.7710733510375153], [5.137866447037821, 1.7177858129840882], [1.1493523484493913, 0.8558407280141185], [0.2564160055143912, -2.2987041406412136], [0.1580229813131254, -0.4673224490316657], [-0.3787621359007476, -1.0937226019121244], [1.2446452717934664, 0.23888001224320038], [-0.0011033770196243141, -0.20987167139404705], [-1.9839890501437225, 3.4451867235233506], [-1.7532297889539215, -1.030567164581573], [-1.0009822932187376, -0.36128534206487645], [0.4837547282912906, 0.9677159071028153], [-1.2500656040201736, 1.0711384372277066]], "biases": [-0.355223254375323, 1.4706499378043323, -0.5496901291392824, -0.08986247911679007, -0.23022877389510502, 1.9129688686614885, -0.0038817139956634074, -0.8629052165369282, -0.8760367109966898, 1.7771729522069555, 0.5333969739203498, 0.7560427405630503, 1.739906406760103, 1.6097635820952785, 0.9011912023290388, -0.8012359454586606, -0.26749721326126086, 2.109810756909027, 2.5025421550988907, -0.6878015113339763], "previousLayer_size": 2, "layer_size": 20, "activation_func": "selu", "activation_params": {"alpha": 1.67326324, "scale": 1.05070098}, "layer_type": "hidden"}, "Layer_2": {"weights": [[-0.3420432130177342, 0.42273577295870884, 0.18563439685244337, 0.020528760298414966, 0.15590759212110183, 0.7887875604626879, -0.0852168475564046, 0.019326960993989145, -0.18821136694737572, 0.12576570434012596, -0.17432894119679332, -0.5088680905258922, -0.1282401945604485, -0.07361177833948936, 0.22869279125002698, -1.270860506996663, 0.1291856123130084, -0.24448686229199565, 0.18748712766835054, -0.12615883977656625], [-0.7431424976170365, 0.7138152446787942, -1.008702552889955, -0.03871696630557107, -1.951657167627799, 0.9892004751852587, 0.4994230010132945, -0.9700653310935796, 0.3068737736463185, 0.5457555232531651, -0.6810737160546952, -1.3489542356103241, 0.03900784916625922, 0.7860608425578831, 0.6292401449614209, 0.26784988467790544, -0.12387227968965131, 0.26397017804099676, 1.1665930186556661, -1.2614621846097633], [-0.20517409880607512, 0.485793103500356, -0.5664451957836611, -0.21566815560782673, 0.08653095170732884, -0.16080762955516759, -0.25704595922388607, 1.277108559710046, -0.5107036910704755, 0.19581240789103238, -0.08068613077892287, -0.10465549889625486, 0.35862444526747617, 0.07408318716869439, 0.14999785400238902, -0.5294533739016779, -0.23787271505758945, -0.5042026364971444, 0.24416827583258013, 0.2784374541104088], [-0.8378878923539472, -0.16972952515837064, -0.07805426950641227, -1.1927345248722663, -0.7118055436543663, -0.8743182415681786, 0.08923805334250177, -1.6001232542261525, -0.5062148835531554, 0.43682984214169535, -0.832096419060937, -0.6028400469648808, -1.3713845589200881, 0.19405292950112057, -0.6979297890540737, -0.37269340792053013, -0.6935206715446689, -1.0922230340942565, 0.5418386192253477, -0.6069131834284768], [-0.16994587530816607, -0.4618149846692419, -0.004050716710609862, -0.05030193733632222, 0.46149240101915595, 0.011063091164393673, 0.02631615007590184, 0.010063033676925534, -0.03947931764612538, 0.46332888860114363, -0.03821708392498496, 0.25603943429847403, -1.0503111151882605, 0.24290110327731554, -0.16131194759370943, -0.1732529005615708, -0.48544545730429994, -0.6431089906888542, 0.3533300450550628, 0.3760899435616536], [-0.8292680898383223, -1.9329231158671627, -0.42214767026576183, -1.1528363164088409, -0.06835156694523599, -2.324035847787243, 0.0976857692295554, -0.2580488642114865, -0.7494199279813081, -0.16884373813559495, -0.4120014531961542, -1.5345577097081404, -1.5103743252484367, -0.46683887880192054, -1.3070234132038254, -0.03183526580157369, -0.3168762639485293, -1.5445968953213913, -0.4709605076217281, 2.643259446622624], [-0.20301864261638994, -1.258303819278238, 0.7058784081421716, 0.25015173797651297, 0.3800495583673236, -1.095373932996107, -0.23640244763354093, 0.07016676734975438, -0.6416415087636529, -0.2654949354924907, 0.07529005764887808, 0.22182608039857885, -0.3452631240800626, -0.015226884270323517, 0.18253307452294507, -1.6714601432103262, -0.045649918585556136, -0.6144121463277701, -0.4969148772559492, 0.9119872121518081], [-0.16911758757741374, 1.1022174692957851, -0.9517545416152787, -0.03487293070744254, -0.23281731153218663, 1.5816267218382356, -0.6926279843245384, -0.5900264413535089, -1.463128616964582, 1.2738818293997098, -0.7675316470004063, 0.3673909574476802, -0.08969744868663945, 0.666449229428783, -0.051806846517488084, 1.4702436148637077, 0.06877684362323773, 0.9228307412844876, 1.283711713813833, -0.6088676100389401], [-0.5641725877443028, 1.2768348516783063, -0.1318888395351085, -0.7099429501528685, 0.31784418265142456, -0.6672135080179435, -0.025214702779179966, -0.8165629857878919, -0.6190639891367985, 0.5724262164666294, -0.2801911616503575, -0.025949148350009103, -0.6593703967213531, -0.870304636396336, 0.2200486035573535, -0.3389573034196042, -0.6836900695205539, 0.4817319376462562, 0.5718731824079484, 0.014016195672915349], [-0.6832130509358564, -0.3385690390236214, -0.9790604944911261, -0.5986380518459108, -1.63694393454146, -1.2540215050266563, -0.6202364407395364, -1.0543310605645397, -0.8121815451851403, 0.9501429614955144, -0.4096600681897997, 0.6988283173943474, -0.4620378648658784, 1.7434020527173855, -0.5763040630731667, -0.8629009501486776, -0.858626792777671, -0.9001791382366864, 0.9328157875758134, -0.9916453809946532], [-2.1794261851030514, -0.8598936487720709, -0.6847112290785445, -1.8741159304275545, -0.5569876282138079, -2.3085734857069125, -1.2175691372136104, -1.5676014571667505, -1.9162962602775122, 0.9936230750225695, -1.8582450198527618, 0.44533657530737947, -0.4981025621646939, 0.8754282588379492, -1.4261753104928607, 0.9493254493340448, -1.882548721839949, -2.1932475030623224, 0.35415745033499757, -1.096925337511676], [0.09508246501373592, -0.32584287327011957, 0.23825008225829025, -0.027034455945397582, 1.3668390175383462, -0.0967300560538573, -0.05401475720530591, -0.29279761888893696, 0.22926051922525748, 0.5180894762675236, 0.032003187110550495, -1.676074130533084, -0.7281420722424244, -0.5097704842606811, -0.22205774646578366, 0.23022350589056625, 0.4830316134917846, -0.4649144615791877, 0.2834528190437046, -0.05426330482527352], [-2.4950512394561457, -1.4243481178992539, -2.078013005626822, -2.6638995197258724, 0.3477636779476428, -2.9996622478958854, -1.8137609125134353, -1.733995948899972, -3.7226177454395772, 1.3340504199174752, -1.4135719612702111, -0.4121463680150988, -1.2059610750417826, 0.7435312640670729, -1.6423177292652273, 0.3646937745562228, -2.244898142674008, -1.8525840769556636, 1.9750808264980506, -2.325931279028677], [-0.013649431424008512, 0.7556320442760164, 0.5046151884545804, 0.2138052382759226, 0.3520496709845628, 0.3831329357579804, 0.3611384778780657, -0.5409253991621105, 1.2836021499455654, -0.6045707900668743, -0.4406172038697384, 0.7613626259673715, 0.4971391320649896, -0.29852596200089015, 0.7822121597671396, -1.8229215462722639, 0.27297382046447427, 1.0969833564331037, -0.34989379678798466, -0.4832255541741871], [0.1646308865926598, -0.3958303131721027, 1.0049081696092166, -0.41165809174946205, 0.812087145444776, -0.2258686624549417, 0.43674730800560474, 0.4029857677753351, -0.006414154898554415, -0.2798245221678016, -0.7279598869348965, -0.03721360135282526, -1.1296756948948274, -0.08402971959915011, -0.7025220914783311, -1.0605043365399616, -0.4648691226821343, -0.4835173945675124, -0.4367104004999677, 