{"Layer_0": {"weights": [[0.0, 0.0], [0.0, 0.0]], "biases": [0.0, 0.0], "previousLayer_size": 2, "layer_size": 2, "activation_func": "leaky_relu", "activation_params": {"alpha": 0.01}, "layer_type": "input"}, "Layer_1": {"weights": [[-1.6020660027353673, -0.9412296450915968], [-1.3826604796005988, -0.27677593571717873], [-1.1538961073294494, -0.736496114307665], [-1.2267807804777666, -1.0841318120076175], [2.301164394762665, 2.268724042329912], [-0.6079561248045117, -1.002177343885647], [-0.5434628404961296, 0.23973546359061923], [-2.7641258498736443, 0.7782744075148231], [5.359442954907854, 2.0373648422209136], [1.1650256639374585, 0.7792764580918167], [0.30700222182392073, -2.317022038381458], [0.20546597014011514, -0.35361232959749733], [-0.30762068751877475, -1.2290658589956793], [1.2423544215478346, 0.14613235112716838], [-0.0940516310692858, -0.34507177033489356], [-1.9701349929074503, 3.4081771787349244], [-1.7586355714941604, -1.0282548377424199], [-0.9141360320580002, -0.18935669052611329], [0.540381509996198, 0.8881248766983385], [-1.2039041195107674, 1.1912201643419154]], "biases": [-0.3943935008882504, 1.3658752978534283, -0.5505526997174865, -0.09208451791307434, -0.05789593267921296, 1.9305983080312235, 0.05121912632327017, -0.886353197268338, -0.8137106167895131, 1.7613807547696918, 0.5635229805434754, 0.8986392917294418, 1.6913232518194534, 1.5266502275015432, 0.7125794073687967, -0.8091230701083055, -0.2509888544102492, 2.210130227599107, 2.559267489789022, -0.6734808622002507], "previousLayer_size": 2, "layer_size": 20, "activation_func": "selu", "activation_params": {"alpha": 1.67326324, "scale": 1.05070098}, "layer_type": "hidden"}, "Layer_2": {"weights": [[-0.37946897169349525, 0.48874083026996556, 0.1519828771394386, -0.011281934016039137, 0.33463495213932776, 0.8667477137424973, -0.07343678414048174, -0.015516964992920353, 0.0011631788785581355, 0.27080865218665545, -0.1679097136129206, -0.48507677063451793, -0.058003059836426646, 0.053101550779019985, 0.28203233655274806, -1.2569183766201775, 0.09099059652181643, -0.15539172295613818, 0.3197411005793685, -0.13347441283829134], [-0.7143158042990105, 0.8763118248322248, -0.9811208754105298, -0.013773074584170581, -1.9298398298507795, 0.9644234323606732, 0.5758783593750099, -0.9313914287068111, 0.357253110088417, 0.5236490735262387, -0.5366548361318, -1.5284477758214319, 0.15895625494897692, 0.7540658374952126, 0.5739468459523179, 0.21267895356313113, -0.09473350392993596, 0.38136864727703407, 1.1350088528823987, -1.2071588359224845], [-0.281326895966836, 0.6165462579225914, -0.6467434271492051, -0.2993467787109226, 0.06084191902245417, -0.06153195035243838, -0.2959614588242633, 1.2269715427918202, -0.5784428527723757, 0.178354292481008, -0.12773514391763932, -0.002791531453649811, 0.44292538440644247, 0.07053192308062059, 0.2658667339901181, -0.48828530949514865, -0.31316217923314416, -0.3800005870538649, 0.2213702776347794, 0.2702706836781837], [-0.8962169352532862, -0.09117555115260492, -0.13687429867075002, -1.254747529202551, -0.687159262158226, -0.9404862084117643, 0.062124264226760144, -1.6333985740157828, -0.5245466362138491, 0.526255238703474, -0.7954081321945177, -0.593942693733916, -1.2932947844963754, 0.29702202230506, -0.6851072519844571, -0.3826633213105428, -0.7516803509787041, -1.1433132974015918, 0.6364316808679747, -0.6175427591195352], [-0.10907224673169219, -0.5578592487946872, 0.05692081246018386, 0.014473048089415502, 0.2955864084933764, 0.09529128257144893, 0.01934447786184439, 0.0027018962566719338, -0.2010924996839411, 0.3206754555948993, -0.08434585497624132, 0.36609811912927365, -1.1328187833526737, 0.11650697480313889, -0.12712209773403266, -0.18893942275106745, -0.42467898356244, -0.6147435008694714, 0.21833817809500095, 0.28530566315393086], [-0.8249456624221979, -1.920269452130161, -0.4196186083260949, -1.1493969603836491, -0.13395194140841027, -2.343624634334457, 0.09804108006059956, -0.21903480889605506, -0.8116638268489261, -0.211394490206974, -0.40899099373807507, -1.5781660438388911, -1.5402988523531167, -0.4766331945661826, -1.2762565230486653, -0.09515046794773865, -0.3121258008290556, -1.5219307988126525, -0.5221681613425375, 2.692908279526562], [-0.2042937207005925, -1.2591440441544721, 0.7046248602405549, 0.24890476840096307, 0.3859746469466686, -1.0959153691938, -0.23718154278932985, 0.06887146891205095, -0.6317024684355461, -0.2614829916482487, 0.07437170897867307, 0.22253513999238644, -0.345402797151805, -0.011741988071249184, 0.18289058933922114, -1.6725955068354106, -0.04692904426057311, -0.6145673836214365, -0.4932918146333345, 0.9108755420057925], [-0.1378829488607376, 1.20271241892166, -0.9245231363871942, -0.011266301092302542, -0.17115818765039578, 1.5155983560042419, -0.6513132039206498, -0.5325850250649712, -1.4485948493653895, 1.331586306691661, -0.7930025261273478, 0.290676451316949, -0.1496985628399983, 0.7224315696458903, -0.09723944364965686, 1.4683349098942458, 0.10085500032338762, 0.8351500722620917, 1.335734566660706, -0.4595539308041967], [-0.6130270345180555, 1.3520522393026346, -0.18021886346954105, -0.7578698449511471, 0.34057520057603047, -0.692510130020599, 0.02687634886870135, -0.840246189691636, -0.5971539134700494, 0.5963075247402506, -0.33087993861523163, -0.12981075356897306, -0.6977808255425715, -0.8562295050687107, 0.21338668763461643, -0.18866173852442916, -0.7325039802191002, 0.569879277781173, 0.6014057259864126, 0.2435819931418586], [-0.7701062196731461, -0.384573900271321, -1.0646693673047607, -0.6863826249202288, -1.4142254678678274, -1.2873140899926776, -0.6053581234448504, -1.1407644275625244, -0.5711209055030806, 1.165282559707184, -0.4485290297408591, 0.6161319771400682, -0.4840100967851862, 1.964982799557598, -0.6322009116414987, -0.6709369658113811, -0.9456971348959767, -0.8372955358975226, 1.1443334857143281, -0.9621437969387545], [-2.34974197849262, -0.8849728768628892, -0.8553962794757456, -2.0482924604148227, -0.4966256175469342, -2.520774208156543, -1.3195268391949453, -1.7130588423382564, -1.9408271374885344, 1.147134547209703, -1.928146957713801, 0.3941122550176731, -0.5396684371191436, 1.0453051787546859, -1.4384473381207499, 0.9093331790274974, -2.0526678369081752, -2.3467430760048256, 0.5255304935019229, -1.1967549137865652], [0.10207948496951448, -0.4693612322215585, 0.24568960711740884, -0.017073665034742693, 1.4241872917714729, -0.11619197042725302, -0.13428151127756735, -0.35375778587226564, 0.20717441393898348, 0.5811729658250379, 0.029175600301345146, -1.505399570462409, -0.7085103076401675, -0.484684034390745, -0.20220166560655262, 0.0998705388074205, 0.4898950999291939, -0.5182324154055857, 0.36203768615391535, -0.3227384182237534], [-2.6715667757984187, -1.6652918385246247, -2.2532526647788758, -2.8357747662858164, 0.3912451410784452, -3.1117699384507316, -1.8737055811154504, -1.8782720336746515, -3.7213387253012207, 1.4382556219204359, -1.5591422755126045, -0.3912971355096663, -1.3482885935263564, 0.8625422592061202, -1.6260042868146314, 0.6168110770757051, -2.421723692735438, -1.7943759234917558, 2.1020736449376445, -2.234328981827091], [-0.05816594552453528, 0.8614997361971338, 0.45815153874641223, 0.16542650053585284, 0.258898157820827, 0.39636427906636207, 0.3216806455865727, -0.5954863899876551, 1.1932990193042516, -0.6655351575816938, -0.38586499789640333, 0.9281980777347197, 0.6104641054603146, -0.3249375626636644, 0.8968415260203506, -1.975501669488539, 0.22890124577240625, 1.2560968776255192, -0.41516778020286155, -0.42287977494844914], [0.04264727639655398, -0.5022274265194168, 0.8828376825231076, -0.5346690685522819, 0.9499982945315322, -0.32876465868480464, 0.3579671494920923, 0.2541864567731509, 0.09617121772310464, -0.1329244223219021, -0.875891509950077, 0.06420285492636378, -1.2273197057665488, 0.0878013994431507, -0.6474208811306973, -1.1823807661316226, -0.5869748364536388, -0.552215041827066, -0.3016498275907206, 0.9728164411361607], [-1.1493192722312484,