{"Layer_0": {"weights": [[0.0, 0.0], [0.0, 0.0]], "biases": [0.0, 0.0], "previousLayer_size": 2, "layer_size": 2, "activation_func": "leaky_relu", "activation_params": {"alpha": 0.01}, "layer_type": "input"}, "Layer_1": {"weights": [[-0.8136920441252548, 0.5291929634352608], [0.4811385303328017, -1.5580686045350745], [-0.10850045100017514, 0.28074335136132356], [-0.7829174112244724, 0.31841630464872483], [-0.1915699886533697, 0.7550773508882769], [-0.16611559799042924, -1.1156034774644121], [0.9413954487748336, -1.7484237036726005], [0.033043884275519984, -1.2523643861595428], [3.5683639234158324, -4.0614190668736745], [-0.7345172864798001, 0.6986655448281434], [-0.7689056513910767, 0.907556313636443], [0.9429287230128822, 1.1167955388124102], [-0.02686588441577507, -0.372843885789775], [-0.8720485370736247, 0.5707502922132077], [-0.07288634791380481, 0.00402274838191618], [-0.3139706857944271, -0.8661092913348037]], "biases": [0.45641880375485694, 1.4792731910307066, -0.05261744464814145, -0.18755288468740994, 0.7627992219769154, -0.3622779752619797, 1.7809252471309307, 0.910932179342697, 3.061745970126704, 0.38408748422337957, 0.6860366683910928, 0.7236360832016042, -0.9492042097443774, 0.43880153379577763, -0.4400458172514733, 0.5028868673021559], "previousLayer_size": 2, "layer_size": 16, "activation_func": "gelu", "activation_params": {}, "layer_type": "hidden"}, "Layer_2": {"weights": [[-0.005501053859717594, -0.18312607396117653, 0.06638764487471284, 0.3378610564743992, 0.8583451774366505, -0.04766447733267606, -0.6446644321633941, 0.1568620202394453, -0.28479569221386736, 0.8390800227851064, 0.01427783354309086, 0.08938979816205979, -0.490435453907567, 0.13810260544280717, 0.5407979536426532, 0.11370721438671244], [-0.7563038648090172, 1.142485288524814, 1.53386110795102, -0.9316686750245775, 2.94088524346859, -3.7016632185100864, 1.6757521914662319, -1.0086074714555864, -0.08769959951179686, -1.241653207100896, -0.7985894179901494, -2.194665127349028, 2.1118101649365006, -1.06089238500581, 1.0338533039927975, -1.6336668022313425], [-0.6469886597368125, -0.20079807511188005, -1.4766718663652705, 0.19315481900685502, -0.39975561331032367, -4.157648247362609, -0.7423912298862936, -1.429961348662583, 0.2608830490244891, 0.09861155824879204, -0.26168274880394016, -0.3519766071862644, -0.6815114768344687, -0.4796750693230917, -1.733617575632412, -4.99816253746338], [0.9251646423154908, -0.37251151283105405, -2.5051738042513385, 0.6044107680141453, -3.044158231241978, 3.891726856752421, -1.4551933650437017, 1.591562404601392, -0.07065037877340069, 1.576449425780097, 1.5048457623874283, 4.492490166741766, -1.9657284594430011, 1.051426024162063, -2.065422960338806, 2.6566155381482126], [-0.7321075265939178, 0.4616582567999376, -0.38666585897690975, -0.29384256659107866, 0.27952578999939026, -0.6334087724687721, 0.19067114766767462, 0.6659273324821211, 1.4175593945639837, 0.1969459695654875, 0.6368535878480015, -0.24049588514687517, 0.4099829150991783, -0.06919302243907058, 0.0823791146057308, 1.2714651744630545], [-0.4374899108408926, 0.7369510194796353, -0.37095433838164044, 0.4156637617584217, -0.20589935033672196, 0.7508880253208474, 0.5467747543213201, 1.0436153800245243, -0.2048114591307189, 1.1933814507832523, 0.5603281731598584, 1.0759281946429753, -0.44746887958914977, 0.1633356220589679, -0.3264923208450147, 0.9979031182083851], [-0.8487017588942776, 0.9950166162117378, 1.8828603439462457, 0.1505098892744688, 2.4308529259812244, -3.1937638632004375, 2.8402155345969193, -2.374948061749575, 0.07641991495739502, -0.8042098298539874, -1.0459759832286881, -3.5165974249519016, 1.5192598439490335, -0.6301812679084946, 1.977868926264063, -1.8163341246157583], [0.8850424638575759, 0.4699226044736629, 0.11132331157898166, 0.3350734909346515, -0.8106849927645912, 0.7706108150366864, 0.5469904192585295, 0.7421549565463036, 0.5640256567780348, 0.3337894641862969, 0.5863658983210203, 1.568780711286163, -1.1117242308190713, 0.9455325129761634, -0.029797882097511028, 0.8829778823066796], [-0.07240661993934043, 1.3401656491668286, -0.23744993302669015, 0.5133161306070998, 0.1785757120687132, 0.8980993190442218, 1.5210299608373634, 0.22289186634741676, 1.2004021392006081, -0.17761848031020697, -0.1947960745976708, 2.1753195481932193, -0.9150616830033558, -0.2605843203607091, 0.10910079419953916, 0.2826587850226461], [-1.6622051913572837, -1.2331528048870515, -2.0772800983294673, 0.33737145865442913, -1.5095503382196793, -3.0777524936042364, -0.08352109494917986, -0.7224696001280279, 0.04828956227141265, -0.7422430074705902, -0.17336185906106893, 0.015148264093565034, -1.6491539913195188, -1.2563464337254957, -2.732244207306788, -2.0771872690435225], [0.09104567693251246, 0.015738614609753454, -1.2176749003034149, 0.5703473110868095, -2.134542513502308, 2.770228230630019, -1.4803781709658455, 1.0152663814924348, 0.5055270062000303, 0.9687154600573614, 0.8918943535069895, 2.938363620837596, -2.660954177555927, 1.9077246148226055, -1.478913644298048, 1.9962889956919565], [-0.262106422734656, 1.0591323948673088, 0.8274234795186366, 0.3078117847887975, 1.8896554195480104, -1.6322888098576132, -0.00236385073509927, 0.7456225132178026, 0.869657031056976, 0.10472388250061522, -0.5133155480005149, -0.9328005968400962, 0.8114759396389837, -0.6591740124991033, 0.9539388137132128, -2.554507659555341]], "biases": [0.6097675196250798, 0.4586078906100552, 2.5148028771979254, 0.7628557734056836, 0.20850836512170967, 0.5898127739687069, -0.409428789512732, 0.9209871926325672, 1.158796274535134, 3.9275183205778204, 1.6751859950792403, 0.7649296320275473], "previousLayer_size": 16, "layer_size": 12, "activation_func": "swish", "activation_params": {"alpha": 1.0}, "layer_type": "hidden"}, "Layer_3": {"weights": [[0.5070894624081248, -0.8232286192572489, 1.1736145247146739, -0.2321112932280864, 0.7045445991200724, -0.14457858226177356, -0.6774950143605142, -0.31317874914881166, 0.9437845808199321, 1.135910554027171, 0.02511938587435036, 1.361118891324592], [1.8962799563666979, -2.4082224644685506, -6.512365618498361, 3.133585907806639, -0.8415836235495066, 0.5170996636006557, -1.9553923609341999, 0.5486206729289707, 0.3337879058000454, -6.0258685216092305, 2.1978890246859297, -1.656228636908651], [0.004627734708227709, 0.37582952598634656, -0.3123322617099547, -0.22913789498166906, -0.2901810123735509, 0.061719309968417485, -0.6386463505806343, 0.0502515887119993, 0.1683591793361021, 0.5194210913805154, -0.12066204279567927, 0.09453818590140162], [-0.0972341126158795, -0.39074942640095234, 2.8838022321117, 0.8060045291967216, 0.2529987710349414, 0.2279925796389595, -0.3840316028456656, -0.8426318870172633, 0.38643868738455706, 1.676227002329914, -0.3659490856079504, 0.7875830750339491], [0.7703059598268155, 0.1749555706349551, -0.00658067683573209, -0.8821002941893996, -0.6468115054828952, 0.1442605545701278, -0.18813303532982836, -0.35792676269075724, 0.5382287657683525, 0.0911136150312727, -0.06749102002383303, 0.20456833350247236], [0.053850227039699605, -0.38957758153104005, 2.1662127774616255, -1.0719716452822905, -0.5120689248416327, 0.011593766792457605, -0.11610837480973821, -0.8084547168574581, 0.6875910346560203, 1.360724236979686, -0.301915611669721, 0.8752271201093315], [-0.09521892298265856, -1.1586400349502635, 2.5354923655295, 0.5946434656104027, -0.07558354087716967, -0.4209932964723884, -0.8697833410604469, -1.293683953373486, 1.2297777912042223, 1.883502254867202, -0.8183235913440497, -0.14993817174467478], [0.18100181069371074, -0.931356047481387, 0.7466857672685842, 0.30533867949077054, -0.24122857574216278, -0.42786628982763947, -1.4002629506784832, -0.23007040288231828, 1.32329099417874, 0.33993024389771287, -0.0613994197013581, 1.013903567020851]], "biases": [0.21720064266908626, 0.566018638608091, -0.05338464163431031, 0.2785331984834504, -0.06915880498186008, 0.5011985262181159, 0.09100697503202958, 0.14912595739544496], "previousLayer_size": 12,